date,product,category,region,sales,units,discount,rating
2024-01-05,Widget A,Electronics,North,1200.50,10,0.05,4.2
2024-01-07,Widget B,Electronics,South,850.00,7,0.10,3.9
2024-01-10,Gadget X,Electronics,East,2200.00,15,0.00,4.8
2024-01-12,Chair Pro,Furniture,North,450.75,3,0.15,4.5
2024-01-15,Desk Lite,Furniture,West,320.00,2,0.00,4.1
2024-01-18,Widget A,Electronics,South,980.00,8,0.05,4.2
2024-01-20,Lamp Z,Furniture,East,120.00,5,0.00,3.7
2024-01-22,Gadget X,Electronics,West,1800.00,12,0.10,4.8
2024-01-25,Widget B,Electronics,North,770.00,6,0.00,3.9
2024-01-28,Chair Pro,Furniture,South,500.00,4,0.05,4.5
2024-02-02,Widget A,Electronics,East,1350.00,11,0.00,4.2
2024-02-05,Gadget Y,Electronics,North,3100.00,20,0.08,4.9
2024-02-08,Desk Lite,Furniture,South,290.00,1,0.00,4.1
2024-02-10,Lamp Z,Furniture,West,150.00,6,0.05,3.7
2024-02-14,Widget B,Electronics,East,920.00,8,0.10,3.9
2024-02-18,Gadget X,Electronics,North,2500.00,17,0.00,4.8
2024-02-22,Chair Pro,Furniture,West,480.00,3,0.10,4.5
2024-02-26,Widget A,Electronics,South,1100.00,9,0.05,4.2
2024-03-01,Gadget Y,Electronics,East,2900.00,18,0.00,4.9
2024-03-05,Desk Lite,Furniture,North,350.00,2,0.15,4.1
